<?xml version="1.0" encoding="UTF-8"?>
<export version="D">
  <design>
    <source>/home/lanfenson/MK_III-Boards-master/boards/dashboard/Backpack/Backpack.sch</source>
    <date>Sat 03 Feb 2018 05:45:11 PM EST</date>
    <tool>Eeschema 4.0.7-e2-6376~58~ubuntu16.04.1</tool>
    <sheet number="1" name="/" tstamps="/">
      <title_block>
        <title/>
        <company/>
        <rev/>
        <date/>
        <source>Backpack.sch</source>
        <comment number="1" value=""/>
        <comment number="2" value=""/>
        <comment number="3" value=""/>
        <comment number="4" value=""/>
      </title_block>
    </sheet>
  </design>
  <components>
    <comp ref="LED2">
      <value>SEGMENT_12BAR_BICOLOR</value>
      <footprint>adafruit:SEGMENT_BICOL_BL-AR12Z3010</footprint>
      <libsource lib="adafruit" part="SEGMENT_12BAR_BICOLOR"/>
      <sheetpath names="/" tstamps="/"/>
      <tstamp>5A24E310</tstamp>
    </comp>
    <comp ref="LED1">
      <value>SEGMENT_12BAR_BICOLOR</value>
      <footprint>adafruit:SEGMENT_BICOL_BL-AR12Z3010</footprint>
      <libsource lib="adafruit" part="SEGMENT_12BAR_BICOLOR"/>
      <sheetpath names="/" tstamps="/"/>
      <tstamp>5A24E428</tstamp>
    </comp>
    <comp ref="U1">
      <value>HT16K33</value>
      <footprint>footprints:SOP28</footprint>
      <libsource lib="formula" part="HT16K33"/>
      <sheetpath names="/" tstamps="/"/>
      <tstamp>5A25A0FB</tstamp>
    </comp>
    <comp ref="C1">
      <value>C_10uF</value>
      <footprint>footprints:C_0805_OEM</footprint>
      <datasheet>http://datasheets.avx.com/cx5r.pdf</datasheet>
      <fields>
        <field name="MPN">478-5167-1-ND</field>
        <field name="MFN">Digi-Key</field>
        <field name="Package">Value</field>
        <field name="PurchasingLink">https://www.digikey.com/product-detail/en/avx-corporation/0805ZD106KAT2A/478-5167-1-ND/1913257</field>
      </fields>
      <libsource lib="formula" part="C_10uF"/>
      <sheetpath names="/" tstamps="/"/>
      <tstamp>5A25A180</tstamp>
    </comp>
    <comp ref="R3">
      <value>R_10k</value>
      <footprint>footprints:R_0805_OEM</footprint>
      <datasheet>http://www.bourns.com/data/global/pdfs/CRS.pdf</datasheet>
      <fields>
        <field name="MPN">CRS0805-FX-1002ELFCT-ND</field>
        <field name="MFN">Digi-Key</field>
        <field name="Package">Value</field>
        <field name="PurchasingLink">https://www.digikey.com/products/en?keywords=CRS0805-FX-1002ELFCT-ND</field>
      </fields>
      <libsource lib="formula" part="R_10k"/>
      <sheetpath names="/" tstamps="/"/>
      <tstamp>5A25A7D4</tstamp>
    </comp>
    <comp ref="R2">
      <value>R_10k</value>
      <footprint>footprints:R_0805_OEM</footprint>
      <datasheet>http://www.bourns.com/data/global/pdfs/CRS.pdf</datasheet>
      <fields>
        <field name="MPN">CRS0805-FX-1002ELFCT-ND</field>
        <field name="MFN">Digi-Key</field>
        <field name="Package">Value</field>
        <field name="PurchasingLink">https://www.digikey.com/products/en?keywords=CRS0805-FX-1002ELFCT-ND</field>
      </fields>
      <libsource lib="formula" part="R_10k"/>
      <sheetpath names="/" tstamps="/"/>
      <tstamp>5A25A857</tstamp>
    </comp>
    <comp ref="D1">
      <value>LED_0805</value>
      <footprint>footprints:LED_0805_OEM</footprint>
      <datasheet>http://www.osram-os.com/Graphics/XPic9/00078860_0.pdf</datasheet>
      <fields>
        <field name="MPN">475-1410-1-ND</field>
        <field name="MFN">Digi-Key</field>
        <field name="Package">Value</field>
        <field name="PurchasingLink">https://www.digikey.com/products/en?keywords=475-1410-1-ND</field>
      </fields>
      <libsource lib="formula" part="LED_0805"/>
      <sheetpath names="/" tstamps="/"/>
      <tstamp>5A263930</tstamp>
    </comp>
    <comp ref="R1">
      <value>R_500</value>
      <footprint>footprints:R_0805_OEM</footprint>
      <datasheet>http://www.vishay.com/docs/60057/pnm.pdf</datasheet>
      <fields>
        <field name="Package">Value</field>
        <field name="MFN">Digi Key</field>
        <field name="MPN">541-1905-2-ND</field>
        <field name="PurchasingLink">https://www.digikey.com/product-detail/en/vishay-dale/PNM0402E5000BST1/541-1905-2-ND/4341867</field>
      </fields>
      <libsource lib="formula" part="R_500"/>
      <sheetpath names="/" tstamps="/"/>
      <tstamp>5A263A0D</tstamp>
    </comp>
    <comp ref="J1">
      <value>Ultrafit_4</value>
      <footprint>footprints:Ultrafit_4</footprint>
      <datasheet>http://www.literature.molex.com/SQLImages/kelmscott/Molex/PDF_Images/987651-1008.pdf</datasheet>
      <fields>
        <field name="MFN">Digi-Key</field>
        <field name="Package">Value</field>
        <field name="MPN">WM11574-ND</field>
        <field name="MPN2">WM11564-ND</field>
        <field name="PurchasingLink">https://www.digikey.com/products/en?keywords=WM11574-ND</field>
        <field name="PurchasingLink2">https://www.digikey.com/product-detail/en/molex-llc/1722561004/WM11564-ND/5291228</field>
      </fields>
      <libsource lib="formula" part="Ultrafit_4"/>
      <sheetpath names="/" tstamps="/"/>
      <tstamp>5A5BD75B</tstamp>
    </comp>
  </components>
  <libparts>
    <libpart lib="formula" part="C_10uF">
      <description>CAP CER 10UF 10V X5R 0805</description>
      <footprints>
        <fp>C?</fp>
        <fp>C_????_*</fp>
        <fp>C_????</fp>
        <fp>SMD*_c</fp>
        <fp>Capacitor*</fp>
      </footprints>
      <fields>
        <field name="Reference">C</field>
        <field name="Value">C_10uF</field>
        <field name="Footprint">footprints:C_0805_OEM</field>
        <field name="Datasheet">http://datasheets.avx.com/cx5r.pdf</field>
        <field name="MPN">478-5167-1-ND</field>
        <field name="MFN">Digi-Key</field>
        <field name="Package">Value</field>
        <field name="PurchasingLink">https://www.digikey.com/product-detail/en/avx-corporation/0805ZD106KAT2A/478-5167-1-ND/1913257</field>
      </fields>
      <pins>
        <pin num="1" name="~" type="passive"/>
        <pin num="2" name="~" type="passive"/>
      </pins>
    </libpart>
    <libpart lib="formula" part="HT16K33">
      <fields>
        <field name="Reference">U</field>
        <field name="Value">HT16K33</field>
        <field name="Footprint">adafruit:SSOP28</field>
      </fields>
      <pins>
        <pin num="1" name="VSS" type="BiDi"/>
        <pin num="2" name="COM0/AD" type="BiDi"/>
        <pin num="3" name="COM1/KS0" type="BiDi"/>
        <pin num="4" name="COM2/KS1" type="BiDi"/>
        <pin num="5" name="COM3/KS2" type="BiDi"/>
        <pin num="6" name="COM4" type="BiDi"/>
        <pin num="7" name="COM5" type="BiDi"/>
        <pin num="8" name="COM6" type="BiDi"/>
        <pin num="9" name="COM7" type="BiDi"/>
        <pin num="10" name="ROW15/K13/INT" type="BiDi"/>
        <pin num="11" name="ROW14/K12" type="BiDi"/>
        <pin num="12" name="ROW13/K11" type="BiDi"/>
        <pin num="13" name="ROW12/K10" type="BiDi"/>
        <pin num="14" name="ROW11/K9" type="BiDi"/>
        <pin num="15" name="ROW10/K8" type="BiDi"/>
        <pin num="16" name="ROW9/K7" type="BiDi"/>
        <pin num="17" name="ROW8/K6" type="BiDi"/>
        <pin num="18" name="ROW7/K5" type="BiDi"/>
        <pin num="19" name="ROW6/K4" type="BiDi"/>
        <pin num="20" name="ROW5/K3" type="BiDi"/>
        <pin num="21" name="ROW4/K2" type="BiDi"/>
        <pin num="22" name="ROW3/K1" type="BiDi"/>
        <pin num="23" name="ROW2/A0" type="BiDi"/>
        <pin num="24" name="ROW1/A1" type="BiDi"/>
        <pin num="25" name="ROW0/A2" type="BiDi"/>
        <pin num="26" name="SCL" type="BiDi"/>
        <pin num="27" name="SDA" type="BiDi"/>
        <pin num="28" name="VDD" type="BiDi"/>
      </pins>
    </libpart>
    <libpart lib="formula" part="LED_0805">
      <description>LED_0805</description>
      <footprints>
        <fp>LED*</fp>
      </footprints>
      <fields>
        <field name="Reference">D</field>
        <field name="Value">LED_0805</field>
        <field name="Footprint">footprints:LED_0805_OEM</field>
        <field name="Datasheet">http://www.osram-os.com/Graphics/XPic9/00078860_0.pdf</field>
        <field name="MPN">475-1410-1-ND</field>
        <field name="MFN">Digi-Key</field>
        <field name="Package">Value</field>
        <field name="PurchasingLink">https://www.digikey.com/products/en?keywords=475-1410-1-ND</field>
      </fields>
      <pins>
        <pin num="1" name="K" type="passive"/>
        <pin num="2" name="A" type="passive"/>
      </pins>
    </libpart>
    <libpart lib="formula" part="R_10k">
      <description>Res 10k 1%</description>
      <footprints>
        <fp>R_*</fp>
        <fp>Resistor_*</fp>
      </footprints>
      <fields>
        <field name="Reference">R</field>
        <field name="Value">R_10k</field>
        <field name="Footprint">footprints:R_0805_OEM</field>
        <field name="Datasheet">http://www.bourns.com/data/global/pdfs/CRS.pdf</field>
        <field name="MPN">CRS0805-FX-1002ELFCT-ND</field>
        <field name="MFN">Digi-Key</field>
        <field name="Package">Value</field>
        <field name="PurchasingLink">https://www.digikey.com/products/en?keywords=CRS0805-FX-1002ELFCT-ND</field>
      </fields>
      <pins>
        <pin num="1" name="~" type="passive"/>
        <pin num="2" name="~" type="passive"/>
      </pins>
    </libpart>
    <libpart lib="formula" part="R_500">
      <description>Resistor 500Ohm 0.1% Tolerance</description>
      <footprints>
        <fp>R_*</fp>
        <fp>R_*</fp>
      </footprints>
      <fields>
        <field name="Reference">R</field>
        <field name="Value">R_500</field>
        <field name="Footprint">footprints:R_0402_OEM</field>
        <field name="Datasheet">http://www.vishay.com/docs/60057/pnm.pdf</field>
        <field name="Package">Value</field>
        <field name="MFN">Digi Key</field>
        <field name="MPN">541-1905-2-ND</field>
        <field name="PurchasingLink">https://www.digikey.com/product-detail/en/vishay-dale/PNM0402E5000BST1/541-1905-2-ND/4341867</field>
      </fields>
      <pins>
        <pin num="1" name="~" type="passive"/>
        <pin num="2" name="~" type="passive"/>
      </pins>
    </libpart>
    <libpart lib="adafruit" part="SEGMENT_12BAR_BICOLOR">
      <footprints>
        <fp>*SEGMENT_BICOL_BL-AR12Z3010*</fp>
      </footprints>
      <fields>
        <field name="Reference">LED</field>
        <field name="Value">SEGMENT_12BAR_BICOLOR</field>
      </fields>
      <pins>
        <pin num="1" name="A1" type="BiDi"/>
        <pin num="2" name="K1" type="BiDi"/>
        <pin num="3" name="K3" type="BiDi"/>
        <pin num="4" name="K5" type="BiDi"/>
        <pin num="5" name="K7" type="BiDi"/>
        <pin num="6" name="A3" type="BiDi"/>
        <pin num="7" name="A5" type="BiDi"/>
        <pin num="8" name="A6" type="BiDi"/>
        <pin num="9" name="A4" type="BiDi"/>
        <pin num="10" name="K8" type="BiDi"/>
        <pin num="11" name="K6" type="BiDi"/>
        <pin num="12" name="K4" type="BiDi"/>
        <pin num="13" name="K2" type="BiDi"/>
        <pin num="14" name="A2" type="BiDi"/>
      </pins>
    </libpart>
    <libpart lib="formula" part="Ultrafit_4">
      <description>Ultrafit 4 Pin Connector</description>
      <fields>
        <field name="Reference">J</field>
        <field name="Value">Ultrafit_4</field>
        <field name="Footprint">footprints:Ultrafit_4</field>
        <field name="Datasheet">http://www.literature.molex.com/SQLImages/kelmscott/Molex/PDF_Images/987651-1008.pdf</field>
        <field name="MFN">Digi-Key</field>
        <field name="Package">Value</field>
        <field name="MPN">WM11574-ND</field>
        <field name="MPN2">WM11564-ND</field>
        <field name="PurchasingLink">https://www.digikey.com/products/en?keywords=WM11574-ND</field>
        <field name="PurchasingLink2">https://www.digikey.com/product-detail/en/molex-llc/1722561004/WM11564-ND/5291228</field>
      </fields>
      <pins>
        <pin num="1" name="1" type="passive"/>
        <pin num="2" name="2" type="passive"/>
        <pin num="3" name="3" type="passive"/>
        <pin num="4" name="4" type="passive"/>
      </pins>
    </libpart>
  </libparts>
  <libraries>
    <library logical="formula">
      <uri>/home/lanfenson/OEM_Preferred_Parts/schematic/formula.lib</uri>
    </library>
    <library logical="adafruit">
      <uri>/home/lanfenson/Desktop/Adafruit-Eagle-Library.kicad/adafruit.lib</uri>
    </library>
  </libraries>
  <nets>
    <net code="1" name="SCL">
      <node ref="U1" pin="26"/>
      <node ref="R3" pin="2"/>
      <node ref="J1" pin="4"/>
    </net>
    <net code="2" name="5V">
      <node ref="R1" pin="1"/>
      <node ref="J1" pin="1"/>
      <node ref="U1" pin="28"/>
      <node ref="C1" pin="1"/>
      <node ref="R2" pin="1"/>
      <node ref="R3" pin="1"/>
    </net>
    <net code="3" name="GND">
      <node ref="J1" pin="2"/>
      <node ref="U1" pin="1"/>
      <node ref="D1" pin="1"/>
      <node ref="C1" pin="2"/>
    </net>
    <net code="4" name="SDA">
      <node ref="R2" pin="2"/>
      <node ref="J1" pin="3"/>
      <node ref="U1" pin="27"/>
    </net>
    <net code="6" name="Net-(D1-Pad2)">
      <node ref="R1" pin="2"/>
      <node ref="D1" pin="2"/>
    </net>
    <net code="7" name="Net-(U1-Pad5)">
      <node ref="U1" pin="5"/>
    </net>
    <net code="8" name="Net-(U1-Pad6)">
      <node ref="U1" pin="6"/>
    </net>
    <net code="9" name="Net-(U1-Pad7)">
      <node ref="U1" pin="7"/>
    </net>
    <net code="10" name="Net-(U1-Pad8)">
      <node ref="U1" pin="8"/>
    </net>
    <net code="11" name="Net-(U1-Pad9)">
      <node ref="U1" pin="9"/>
    </net>
    <net code="12" name="ROW15">
      <node ref="LED1" pin="10"/>
      <node ref="U1" pin="10"/>
    </net>
    <net code="13" name="ROW14">
      <node ref="LED1" pin="11"/>
      <node ref="U1" pin="11"/>
    </net>
    <net code="14" name="ROW13">
      <node ref="LED1" pin="12"/>
      <node ref="U1" pin="12"/>
    </net>
    <net code="15" name="ROW12">
      <node ref="LED1" pin="13"/>
      <node ref="U1" pin="13"/>
    </net>
    <net code="16" name="ROW5">
      <node ref="U1" pin="20"/>
      <node ref="LED1" pin="3"/>
    </net>
    <net code="17" name="ROW4">
      <node ref="LED1" pin="2"/>
      <node ref="U1" pin="21"/>
    </net>
    <net code="18" name="ROW3">
      <node ref="LED2" pin="5"/>
      <node ref="U1" pin="22"/>
    </net>
    <net code="19" name="ROW1">
      <node ref="U1" pin="24"/>
      <node ref="LED2" pin="3"/>
    </net>
    <net code="20" name="ROW2">
      <node ref="LED2" pin="4"/>
      <node ref="U1" pin="23"/>
    </net>
    <net code="21" name="COM2">
      <node ref="LED1" pin="7"/>
      <node ref="LED1" pin="8"/>
      <node ref="LED2" pin="8"/>
      <node ref="LED2" pin="7"/>
      <node ref="U1" pin="4"/>
    </net>
    <net code="22" name="COM1">
      <node ref="LED1" pin="6"/>
      <node ref="U1" pin="3"/>
      <node ref="LED1" pin="9"/>
      <node ref="LED2" pin="9"/>
      <node ref="LED2" pin="6"/>
    </net>
    <net code="23" name="ROW11">
      <node ref="U1" pin="14"/>
      <node ref="LED2" pin="10"/>
    </net>
    <net code="24" name="COM0">
      <node ref="U1" pin="2"/>
      <node ref="LED2" pin="1"/>
      <node ref="LED1" pin="14"/>
      <node ref="LED2" pin="14"/>
      <node ref="LED1" pin="1"/>
    </net>
    <net code="25" name="ROW6">
      <node ref="LED1" pin="4"/>
      <node ref="U1" pin="19"/>
    </net>
    <net code="26" name="ROW10">
      <node ref="LED2" pin="11"/>
      <node ref="U1" pin="15"/>
    </net>
    <net code="27" name="ROW0">
      <node ref="U1" pin="25"/>
      <node ref="LED2" pin="2"/>
    </net>
    <net code="28" name="ROW9">
      <node ref="LED2" pin="12"/>
      <node ref="U1" pin="16"/>
    </net>
    <net code="29" name="ROW8">
      <node ref="U1" pin="17"/>
      <node ref="LED2" pin="13"/>
    </net>
    <net code="30" name="ROW7">
      <node ref="U1" pin="18"/>
      <node ref="LED1" pin="5"/>
    </net>
  </nets>
</export>
